{"version":2,"blockTransformers":[{"type":"naturalAir","transformer":{"source":"reccomplex:negativeSpace","sourceMetadata":1}},{"type":"negativeSpace","transformer":{"source":"reccomplex:negativeSpace","sourceMetadata":0}},{"type":"natural","transformer":{"source":"reccomplex:naturalFloor","sourceMetadata":0}},{"type":"replace","transformer":{"source":"reccomplex:naturalFloor","sourceMetadata":1,"dest":"minecraft:air","destMetadata":[0]}}],"rotatable":false,"mirrorable":false,"naturalGenerationInfo":{"generationCategory":"decoration","generationY":{"selectionMode":"surface","minY":0,"maxY":0},"generationBiomes":[{"biome":"Type:WATER","weight":0},{"biome":"Type:PLAINS"},{"biome":"Type:FOREST"},{"biome":"Type:MOUNTAIN"},{"biome":"Type:HILLS"},{"biome":"Type:SWAMP"},{"biome":"Type:SANDY"},{"biome":"Type:MESA"},{"biome":"Type:SAVANNA"},{"biome":"Type:WASTELAND"},{"biome":"Type:MUSHROOM"},{"biome":"Type:JUNGLE"}],"generationDimensions":[{"dimensionID":"Type:UNCATEGORIZED"},{"dimensionID":"Type:NO_TOP_LIMIT,BOTTOM_LIMIT,INFINITE"}]},"customData":{}}