{
  "records.creative1": {
    "category": "record",
    "sounds": [
      {
        "name": "records/creative1",
        "stream": true
      }
    ]
  },
  
  "records.creative2": {
    "category": "record",
    "sounds": [
      {
        "name": "records/creative2",
        "stream": true
      }
    ]
  },
  
  "records.creative3": {
    "category": "record",
    "sounds": [
      {
        "name": "records/creative3",
        "stream": true
      }
    ]
  },
  
  "records.creative4": {
    "category": "record",
    "sounds": [
      {
        "name": "records/creative4",
        "stream": true
      }
    ]
  },
  
  "records.creative5": {
    "category": "record",
    "sounds": [
      {
        "name": "records/creative5",
        "stream": true
      }
    ]
  },
  
  "records.creative6": {
    "category": "record",
    "sounds": [
      {
        "name": "records/creative6",
        "stream": true
      }
    ]
  },
  
  "records.end": {
    "category": "record",
    "sounds": [
      {
        "name": "records/end",
        "stream": true
      }
    ]
  },
  
  "records.credits": {
    "category": "record",
    "sounds": [
      {
        "name": "records/credits",
        "stream": true
      }
    ]
  },
  
  "records.nether1": {
    "category": "record",
    "sounds": [
      {
        "name": "records/nether1",
        "stream": true
      }
    ]
  },
  
  "records.nether2": {
    "category": "record",
    "sounds": [
      {
        "name": "records/nether2",
        "stream": true
      }
    ]
  },
  
  "records.nether3": {
    "category": "record",
    "sounds": [
      {
        "name": "records/nether3",
        "stream": true
      }
    ]
  },
  
  "records.nether4": {
    "category": "record",
    "sounds": [
      {
        "name": "records/nether4",
        "stream": true
      }
    ]
  },
  
  "records.menu1": {
    "category": "record",
    "sounds": [
      {
        "name": "records/menu1",
        "stream": true
      }
    ]
  },
  
  "records.menu2": {
    "category": "record",
    "sounds": [
      {
        "name": "records/menu2",
        "stream": true
      }
    ]
  },
  
  "records.menu3": {
    "category": "record",
    "sounds": [
      {
        "name": "records/menu3",
        "stream": true
      }
    ]
  },
  
  "records.menu4": {
    "category": "record",
    "sounds": [
      {
        "name": "records/menu4",
        "stream": true
      }
    ]
  },
  
  "records.calm1": {
    "category": "record",
    "sounds": [
      {
        "name": "records/calm1",
        "stream": true
      }
    ]
  },
  
  "records.calm2": {
    "category": "record",
    "sounds": [
      {
        "name": "records/calm2",
        "stream": true
      }
    ]
  },
  
  "records.calm3": {
    "category": "record",
    "sounds": [
      {
        "name": "records/calm3",
        "stream": true
      }
    ]
  },
  
  "records.hal1": {
    "category": "record",
    "sounds": [
      {
        "name": "records/hal1",
        "stream": true
      }
    ]
  },
  
  "records.hal2": {
    "category": "record",
    "sounds": [
      {
        "name": "records/hal2",
        "stream": true
      }
    ]
  },
  
  "records.hal3": {
    "category": "record",
    "sounds": [
      {
        "name": "records/hal3",
        "stream": true
      }
    ]
  },
  
  "records.hal4": {
    "category": "record",
    "sounds": [
      {
        "name": "records/hal4",
        "stream": true
      }
    ]
  },
  
  "records.nuance1": {
    "category": "record",
    "sounds": [
      {
        "name": "records/nuance1",
        "stream": true
      }
    ]
  },
  
  "records.nuance2": {
    "category": "record",
    "sounds": [
      {
        "name": "records/nuance2",
        "stream": true
      }
    ]
  },
  
  "records.piano1": {
    "category": "record",
    "sounds": [
      {
        "name": "records/piano1",
        "stream": true
      }
    ]
  },
  
  "records.piano2": {
    "category": "record",
    "sounds": [
      {
        "name": "records/piano2",
        "stream": true
      }
    ]
  },
  
  "records.piano3": {
    "category": "record",
    "sounds": [
      {
        "name": "records/piano3",
        "stream": true
      }
    ]
  }
}